storeid,storename,repeat_revenue,single_visit_revenue
S001,"MegaMart Jimenezborough",1014734.78,180101.19999999998
S002,"MegaMart Peckmouth",1020487.5800000001,145803.12999999992
S003,"MegaMart New Michele",1043460.9099999998,198426.94999999998
S004,"MegaMart Brianahaven",1079126.6400000004,170765.91
S005,"MegaMart Johnmouth",924775.6500000003,220689.3
