storeid,storename,count_trans,total_revenue
S004,"MegaMart Brianahaven",417,1249892.5499999996
S003,"MegaMart New Michele",387,1241887.8600000008
S001,"MegaMart Jimenezborough",394,1194835.9799999986
S002,"MegaMart Peckmouth",407,1166290.709999999
S005,"MegaMart Johnmouth",355,1145464.9499999995
