category,total_sale,sold_count
Groceries,696204.8499999996,956
Fashion,2642363.650000002,2676
Electronics,2659803.5500000017,2158
